Workbook

Sheet Cover
B2: Sample BOQ Pricing Workbook | نموذج جدول كميات وتسعير
B3: SAMPLE ONLY. Invented project, invented rates, invented drawing. Not market rates and not for tender use.
B5: المشروع (Project) | C5: Sample Office Fit-out (invented)
B6: سنة التسعير (Pricing year) | C6: 2026
B7: المرجع المعياري (Benchmark) | C7: Rates: Estimate (invented for the sample). Factors: Benchmark, working ranges, midpoint used
B8: نوع العميل (Client type) | C8: Standard
B9: الموقع (Location) | C9: Riyadh
B10: نطاق العمل (Scope) | C10: Finishes, civil, joinery, waterproofing. MEP excluded.
B13: Legend
B14: Blue = input, edit these cells
B15: Black = formula, do not overwrite
B16: Green = link from another sheet
B18: How to use: choose Client type and Location in C8 and C9. Edit unit rates on Rates and dimensions on Dimensions Reference. Results flow to BOQ and Summary.

Sheet Factors
A1: Factors | المعاملات
A3: نوع العميل | B3: غير مباشرة % | C3: طوارئ % | D3: ربح % | E3: Note
A4: Standard | B4: 0.15 | C4: 0.12 | D4: 0.1 | E4: Indirect 13-17, profit 8-12: midpoint
A5: Royal Commission | B5: 0.165 | C5: 0.15 | D5: 0.065 | E5: Indirect 15-18, profit 5-8: midpoint
A6: Aramco-HCIS | B6: 0.195 | C6: 0.18 | D6: 0.15 | E6: Indirect 17-22, profit 12-18: midpoint
A9: الموقع | B9: نقل % | E9: Note
A10: Riyadh | B10: 0 | E10: Estimate: no uplift assumed
A11: Madinah | B11: 0.07 | E11: Benchmark: default working factor
A12: Jazan | B12: 0.09 | E12: Benchmark: default working factor
A13: Remote | B13: 0.12 | E13: Benchmark: default working factor
A16: Selected for this estimate
A17: Indirect % | B17: =INDEX($B$4:$B$6,MATCH(Cover!$C$8,$A$4:$A$6,0)) -> 0.15
A18: Contingency % | B18: =INDEX($C$4:$C$6,MATCH(Cover!$C$8,$A$4:$A$6,0)) -> 0.12
A19: Profit % | B19: =INDEX($D$4:$D$6,MATCH(Cover!$C$8,$A$4:$A$6,0)) -> 0.1
A20: Transport % | B20: =INDEX($B$10:$B$13,MATCH(Cover!$C$9,$A$10:$A$13,0)) -> 0
A21: VAT % | B21: 0.15 | E21: ZATCA standard rate

Sheet Dimensions Reference
A1: Dimensions Reference | مرجع الأبعاد
A2: Invented drawing numbers for the sample. In a real project every row cites the actual drawing number and page.
A4: # | B4: البند | C4: الطول م | D4: العرض م | E4: الارتفاع/السمك م | F4: العدد | G4: الكمية | H4: الوحدة | I4: رقم اللوحة | J4: الصفحة
A5: 1 | B5: أرضيات المساحة الرئيسية | C5: 12 | D5: 8 | F5: 1 | G5: =C5*D5*F5 -> 96 | H5: m2 | I5: SAMPLE-A-101 | J5: 1
A6: 2 | B6: دهان الجدران (المحيط × الارتفاع بعد خصم الفتحات) | E6: 3 | F6: 1 | G6: =2*(C5+D5)*E6*F6-F9*2.1*1 -> 111.6 | H6: m2 | I6: SAMPLE-A-101 | J6: 1
A7: 3 | B7: سقف جبسي معلق | C7: 12 | D7: 8 | F7: 1 | G7: =C7*D7*F7 -> 96 | H7: m2 | I7: SAMPLE-A-101 | J7: 1
A8: 4 | B8: عزل مائي أرضيات دورات المياه (غرفتان) | C8: 3 | D8: 2.5 | F8: 2 | G8: =C8*D8*F8 -> 15 | H8: m2 | I8: SAMPLE-A-102 | J8: 1
A9: 5 | B9: أبواب داخلية | F9: 4 | G9: =F9 -> 4 | H9: nr | I9: SAMPLE-A-103 | J9: 1
A10: 6 | B10: خرسانة عادية للنظافة تحت الأرضيات | C10: 12 | D10: 8 | E10: 0.1 | F10: 1 | G10: =C10*D10*E10*F10 -> 9.6 | H10: m3 | I10: SAMPLE-S-001 | J10: 1
A12: Item 2 deducts 4 door openings of 2.1 m × 1.0 m (door size is a sample input in the formula; edit on a real project).

Sheet Rates
A1: Rates | الأسعار (SAR per unit)
A2: Sample rates, Estimate. Invented for the demonstration, not market rates.
A4: # | B4: البند | C4: الوحدة | D4: مواد | E4: عمالة | F4: معدات
A5: 1 | B5: بلاط بورسلين للأرضيات | C5: m2 | D5: 55 | E5: 25 | F5: 3
A6: 2 | B6: دهان أكريليك داخلي | C6: m2 | D6: 8 | E6: 10 | F6: 1
A7: 3 | B7: سقف جبسي معلق | C7: m2 | D7: 38 | E7: 22 | F7: 3
A8: 4 | B8: عزل مائي أسمنتي بوليمري | C8: m2 | D8: 30 | E8: 15 | F8: 2
A9: 5 | B9: باب خشبي داخلي | C9: nr | D9: 650 | E9: 120 | F9: 10
A10: 6 | B10: خرسانة عادية للنظافة | C10: m3 | D10: 270 | E10: 60 | F10: 25

Sheet BOQ
A1: BOQ | جدول الكميات
A2: Sample project, invented. Quantities link to Dimensions Reference; rates link to Rates.
A4: # | B4: وصف البند | C4: المرجع المعياري | D4: الوحدة | E4: الكمية | F4: مواد | G4: عمالة | H4: معدات | I4: سعر الوحدة | J4: التكلفة المباشرة
A5: 1 | B5: بلاط بورسلين للأرضيات 60×60 سم مقاس منتظم، تركيب بمونة لاصقة أسمنتية محسّنة مع فواصل منتظمة وتعبئتها بحشوة أسمنتية. اختبار الاستلام: فحص التسطيح بمسطرة 2 م، وفحص التجويف بالطرق. | C5: EN 14411 / ISO 13006 · EN 12004 | D5: =Rates!C5 -> m2 | E5: ='Dimensions Reference'!G5 -> 96 | F5: =Rates!D5 -> 55 | G5: =Rates!E5 -> 25 | H5: =Rates!F5 -> 3 | I5: =F5+G5+H5 -> 83 | J5: =E5*I5 -> 7968
A6: 2 | B6: دهان جدران داخلية بطلاء أكريليك مائي، طبقة أساس وطبقتا تشطيب بالرول على سطح معجّن ومصنفر. اختبار الاستلام: فحص الالتصاق بالشريط وقياس سمك الطبقة الجافة. | C6: ASTM D3359 | D6: =Rates!C6 -> m2 | E6: ='Dimensions Reference'!G6 -> 111.6 | F6: =Rates!D6 -> 8 | G6: =Rates!E6 -> 10 | H6: =Rates!F6 -> 1 | I6: =F6+G6+H6 -> 19 | J6: =E6*I6 -> 2120.4
A7: 3 | B7: سقف جبسي معلق من ألواح جبس سمك 12.5 مم على هيكل معدني مجلفن، تثبيت بمسامير ذاتية الحفر مع معالجة الفواصل. اختبار الاستلام: فحص الاستواء ومحاذاة الفواصل. | C7: ASTM C1396 · ASTM C645 | D7: =Rates!C7 -> m2 | E7: ='Dimensions Reference'!G7 -> 96 | F7: =Rates!D7 -> 38 | G7: =Rates!E7 -> 22 | H7: =Rates!F7 -> 3 | I7: =F7+G7+H7 -> 63 | J7: =E7*I7 -> 6048
A8: 4 | B8: عزل مائي لأرضيات دورات المياه بغشاء أسمنتي بوليمري مرن على طبقتين، مع رفعه على الجدران حسب المخطط. اختبار الاستلام: اختبار غمر بالماء لمدة 48 ساعة دون تسرب. | C8: EN 14891 | D8: =Rates!C8 -> m2 | E8: ='Dimensions Reference'!G8 -> 15 | F8: =Rates!D8 -> 30 | G8: =Rates!E8 -> 15 | H8: =Rates!F8 -> 2 | I8: =F8+G8+H8 -> 47 | J8: =E8*I8 -> 705
A9: 5 | B9: باب داخلي خشبي بكامل الحلق والكلون والإكسسوارات، تركيب وضبط. اختبار الاستلام: فحص الأبعاد والاستقامة وسلاسة التشغيل. | C9: Door schedule SAMPLE-A-103 | D9: =Rates!C9 -> nr | E9: ='Dimensions Reference'!G9 -> 4 | F9: =Rates!D9 -> 650 | G9: =Rates!E9 -> 120 | H9: =Rates!F9 -> 10 | I9: =F9+G9+H9 -> 780 | J9: =E9*I9 -> 3120
A10: 6 | B10: خرسانة عادية للنظافة تحت الأرضيات، صب ودمك وتسوية. اختبار الاستلام: مكعبات خرسانة فحص الضغط. | C10: BS EN 206 | D10: =Rates!C10 -> m3 | E10: ='Dimensions Reference'!G10 -> 9.6 | F10: =Rates!D10 -> 270 | G10: =Rates!E10 -> 60 | H10: =Rates!F10 -> 25 | I10: =F10+G10+H10 -> 355 | J10: =E10*I10 -> 3408
A12: الإجمالي (Direct cost total) | J12: =SUM(J5:J10) -> 23369.4

Sheet Summary
A1: Summary | الملخص
A2: ="Client type: "&Cover!C8&" | Location: "&Cover!C9&" | Pricing year: "&Cover!C6 -> Client type: Standard | Location: Riyadh | Pricing year: 2026
A4: البند | B4: % | C4: SAR
A5: التكلفة المباشرة (M + L + E) | C5: =BOQ!J12 -> 23369.4
A6: نقل | B6: =Factors!B20 -> 0 | C6: =C5*B6 -> 0
A7: الأساس بعد النقل | C7: =C5+C6 -> 23369.4
A8: تكاليف غير مباشرة | B8: =Factors!B17 -> 0.15 | C8: =C7*B8 -> 3505.41
A9: طوارئ | B9: =Factors!B18 -> 0.12 | C9: =(C7+C8)*B9 -> 3224.9772
A10: التكلفة الإجمالية | C10: =C7+C8+C9 -> 30099.787
A11: الربح | B11: =Factors!B19 -> 0.1 | C11: =C10*B11 -> 3009.9787
A12: سعر البيع قبل الضريبة | C12: =C10+C11 -> 33109.766
A13: ضريبة القيمة المضافة | B13: =Factors!B21 -> 0.15 | C13: =C12*B13 -> 4966.4649
A14: الإجمالي شامل الضريبة | C14: =C12+C13 -> 38076.231
